idx,tx_power
0,12.90
1,-11.50
2,-11.00
3,-11.00
4,-10.40
5,-9.80
6,-9.00
7,-9.00
8,-8.20
9,-7.20
10,-7.10
11,-7.00
12,-6.80
13,-5.30
14,-5.00
15,-5.00
16,-4.80
17,-3.10
18,-3.00
19,-3.00
20,-2.40
21,-0.60
22,-0.90
23,-0.90
24,-0.90
25,0.50
26,1.20
27,1.10
28,1.00
29,1.50
30,3.90
31,3.70
32,3.50
33,5.10
34,6.20
35,6.30
36,6.00
37,5.80
38,8.50
39,8.60
40,7.50
41,8.90
42,10.80
43,10.90
44,10.80
45,10.90
46,12.20
47,12.70
48,12.90
49,12.90
50,13.10
51,13.60
52,14.90
53,14.90
54,15.30
55,16.10
56,16.80
57,16.90
58,17.00
59,17.00
60,17.00
61,17.00
62,17.70
63,18.80
